<?xml version="1.0"?>
<simulation>

	<context id="roms">
		<calendar_type="Gregorian" start_date="1999-01-15 12:00:00" time_origin="1970-01-01 00:00:00" />


		<!-- ========================================================================== -->
		<!-- ========================================================================== -->

		<field_definition src="./field_def.xml"/>

		<!-- ========================================================================== -->
		<!-- ========================================================================== -->

		<file_definition type="one_file"  name="./HIS/@expname@_@freq@" sync_freq="5d" min_digits="4">
			<file_group id="12h" output_freq="12h"  output_level="10" enabled=".TRUE."> <!-- 1 time step files -->
				<file id="file1" name_suffix="_inst" split_freq="5d" split_freq_format="%y-%mo-%d">
					<field_group id="grid_fields" operation="once">
						<field field_ref="hc" />
						<field field_ref="theta_s" />
						<field field_ref="theta_b" />
						<field field_ref="Tcline" />
						<field field_ref="Vtransform" />
						<field field_ref="h" />
						<field field_ref="f" />
						<field field_ref="pm" />
						<field field_ref="pn" />
						<field field_ref="lon_rho" />
						<field field_ref="lat_rho" />
						<field field_ref="lon_u" />
						<field field_ref="lat_u" />
						<field field_ref="lon_v" />
						<field field_ref="lat_v" />
						<field field_ref="angle" />
						<field field_ref="mask_rho" />
						<field field_ref="Cs_r" />
						<field field_ref="sc_r" />
						<field field_ref="Cs_w" />
						<field field_ref="sc_w" />
					</field_group>

					<field_group id="inst_fields" operation="instant">
						<field field_ref="time" name="time" />
						<field field_ref="zeta" name="zeta" />
						<field field_ref="ubar" name="ubar" />
						<field field_ref="vbar" name="vbar" />
						<field field_ref="sustr" name="sustr" />
						<field field_ref="svstr" name="svstr" />
						<field field_ref="u" name="u" />
						<field field_ref="v" name="v" />
						<field field_ref="w" name="w" />
						<field field_ref="temp" name="temp" />
						<field field_ref="salt" name="salt" />
						<field field_ref="rho" name="rho" />
					    <field field_ref="bvf" name="bvf" />
					</field_group>

				</file>
			</file_group>
		</file_definition>

		<file_definition type="one_file"  name="./HIS/@expname@_@freq@" sync_freq="5d" min_digits="4">
			<file_group id="1h" output_freq="1h"  output_level="10" enabled=".TRUE."> <!-- 1 time step files -->
				<file id="file2" name_suffix="_inst_surf" split_freq="5d" split_freq_format="%y-%mo-%d">
					
					<field_group id="surf_fields" operation="instant">
						<field field_ref="time" name="time" />
						<field field_ref="zeta" name="zeta"/>
						<field field_ref="u_surf" name="u" />
						<field field_ref="v_surf" name="v" />
						<field field_ref="temp_surf" name="temp" />
						<field field_ref="salt_surf" name="salt" />
					</field_group>

				</file>
			</file_group>
		</file_definition>
		

		<file_definition type="one_file"  name="./HIS/@expname@_@freq@" sync_freq="5d" min_digits="4">
			<file_group id="5d" output_freq="5d"  output_level="10" enabled=".TRUE."> <!-- 1 time step files -->
				<file id="file3" name_suffix="_aver" split_freq="5d" split_freq_format="%y-%mo-%d">
					
					<field_group id="ave_fields" operation="average">
						<field field_ref="zeta" />
						<field field_ref="ubar" name="ubar"  />
						<field field_ref="vbar" name="vbar"  />
						<field field_ref="sustr" name="sustr"  />
						<field field_ref="svstr" name="svstr"  />
                        <field field_ref="uwnd" name="uwnd"  />
                        <field field_ref="vwnd" name="vwnd"  />
                        <field field_ref="shflx" name="shflx"  />
                        <field field_ref="swflx" name="swflx"  />
						<field field_ref="u" name="u" />
						<field field_ref="v" name="v"  />
						<field field_ref="w" name="w" />
						<field field_ref="temp" name="temp"  />
						<field field_ref="salt" name="salt"  />
						<field field_ref="rho" name="rho"  />
					    <field field_ref="bvf" name="bvf" />
					</field_group>

				</file>
			</file_group>
		</file_definition>
		

# ifdef DIAGNOSTICS_UV
		<file_definition type="one_file"  name="./HIS/@expname@_@freq@" sync_freq="5d" min_digits="4">
			<file_group id="M" output_freq="5d"  output_level="10" enabled=".TRUE."> <!-- 1 time step files -->
				<file id="file4" name_suffix="_M" split_freq="5d" split_freq_format="%y-%mo-%d">
					
					<field_group id="M_fields" operation="average">
						<field field_ref="u_rate" name="u_rate"  />
						<field field_ref="u_adv" name="u_adv"  />
						<field field_ref="u_Cor" name="u_cor"  />
						<field field_ref="u_Prsgrd" name="u_prsgrd"  />
						<field field_ref="u_Hmix" name="u_hmix"  />
						<field field_ref="u_Hdiff" name="u_hdiff" />
						<field field_ref="u_Vmix" name="u_vmix"  />
						<field field_ref="u_Vmix2" name="u_nudg" />
						<field field_ref="u_Baro" name="u_baro" />
#  ifdef M3FAST
                        <field field_ref="u_fast" name="u_fast" />
#  endif
                        <field field_ref="v_rate" name="v_rate"  />
                        <field field_ref="v_adv" name="v_adv"  />
                        <field field_ref="v_Cor" name="v_cor"  />
                        <field field_ref="v_Prsgrd" name="v_prsgrd"  />
                        <field field_ref="v_Hmix" name="v_hmix"  />
                        <field field_ref="v_Hdiff" name="v_hdiff" />
                        <field field_ref="v_Vmix" name="v_vmix"  />
                        <field field_ref="v_Vmix2" name="v_nudg" />
                        <field field_ref="v_Baro" name="v_baro" />
#  ifdef M3FAST
                        <field field_ref="v_fast" name="v_fast" />
#  endif
					</field_group>

				</file>
			</file_group>
		</file_definition>
# endif

# ifdef DIAGNOSTICS_EK
		<file_definition type="one_file"  name="./HIS/@expname@_@freq@" sync_freq="5d" min_digits="4">
			<file_group id="KE" output_freq="5d"  output_level="10" enabled=".TRUE."> <!-- 1 time step files -->
				<file id="file5" name_suffix="_KE" split_freq="5d" split_freq_format="%y-%mo-%d">
					
					<field_group id="KE_fields" operation="average">
						<field field_ref="ekrate" name="ke_rate"  />
						<field field_ref="ekadv" name="ke_adv"  />
						<field field_ref="ekCor" name="ke_cor"  />
						<field field_ref="ekPrsgrd" name="ke_prsgrd"  />
						<field field_ref="ekHmix" name="ke_hmix"  />
						<field field_ref="ekHdiff" name="ke_hdiff" />
						<field field_ref="ekVmix" name="ke_vmix"  />
						<field field_ref="ekVmix2" name="ke_nudg" />
						<field field_ref="ekvol" name="ke_vol" />
						<field field_ref="ekBaro" name="ke_baro" />
						<field field_ref="ekDrag" name="ke_drag" />
						<field field_ref="ekWind" name="ke_wind" />
#  ifdef M3FAST
                        <field field_ref="ekfast" name="ke_fast" />
#  endif
					</field_group>

				</file>
			</file_group>
		</file_definition>
# endif


# ifdef DIAGNOSTICS_VRT
		<file_definition type="one_file"  name="./HIS/@expname@_@freq@" sync_freq="5d" min_digits="4">
			<file_group id="VRT" output_freq="5d"  output_level="10" enabled=".TRUE."> <!-- 1 time step files -->
				<file id="file6" name_suffix="_VRT" split_freq="5d" split_freq_format="%y-%mo-%d">
					
					<field_group id="vrt_fields" operation="average">
						<field field_ref="vrtrate" name="vrt_rate"  />
						<field field_ref="vrtadv" name="vrt_adv"  />
						<field field_ref="vrtCor" name="vrt_cor"  />
						<field field_ref="vrtPrsgrd" name="vrt_prsgrd"  />
						<field field_ref="vrtHmix" name="vrt_hmix"  />
						<field field_ref="vrtHdiff" name="vrt_hdiff" />
						<field field_ref="vrtVmix2" name="vrt_nudg" />
						<field field_ref="vrtBaro" name="vrt_baro" />
						<field field_ref="vrtDrag" name="vrt_drag" />
						<field field_ref="vrtWind" name="vrt_wind" />
#  ifdef M3FAST
                        <field field_ref="vrtfast" name="vrt_fast" />
#  endif
					</field_group>

				</file>
			</file_group>
		</file_definition>
# endif
		


# ifdef DIAGNOSTICS_EDDY
		<file_definition type="one_file"  name="./HIS/@expname@_@freq@" sync_freq="5d" min_digits="4">
			<file_group id="EDDY" output_freq="5d"  output_level="10" enabled=".TRUE."> <!-- 1 time step files -->
				<file id="file7" name_suffix="_EDDY" split_freq="5d" split_freq_format="%y-%mo-%d">
					
					<field_group id="eddy_fields" operation="average">
						<field field_ref="uu" name="uu"  />
						<field field_ref="uv" name="uv"  />
						<field field_ref="vv" name="vv"  />
						<field field_ref="ub" name="ub"  />
						<field field_ref="vb" name="vb"  />
						<field field_ref="wb" name="wb" />
						<field field_ref="uT" name="uT"  />
						<field field_ref="vT" name="vT"  />
						<field field_ref="wT" name="wT" />
						<field field_ref="uS" name="uS"  />
						<field field_ref="vS" name="vS"  />
						<field field_ref="wS" name="wS" />
					</field_group>

				</file>
			</file_group>
		</file_definition>
# endif
		


		<!-- ========================================================================== -->
		<!-- ========================================================================== -->

		<domain_definition src="./domain_def.xml"/>

		<axis_definition>
			<axis id="s_rho"/>
			<axis id="s_w"/>
			<!-- For Sediment -->
			<axis id="s_b"/>
		</axis_definition>

		<scalar_definition>
			<scalar id="scalar"/>
		</scalar_definition>

		<grid_definition>
			<grid id="scalar_grid">
				<scalar scalar_ref="scalar"/>
			</grid>
			<grid id="rho_2D">
				<domain domain_ref="rho"/>
			</grid>
			<grid id="rho_3D">
				<domain domain_ref="rho"/>
				<axis axis_ref="s_rho"/>
			</grid>
			
			<grid id="u_2D">
				<domain domain_ref="u"/>
			</grid>
			<grid id="u_3D">
				<domain domain_ref="u"/>
				<axis axis_ref="s_rho"/>
			</grid>
			<grid id="v_2D">
				<domain domain_ref="v"/>
			</grid>
			<grid id="v_3D">
				<domain domain_ref="v"/>
				<axis axis_ref="s_rho"/>
			</grid>
			<grid id="w_2D">
				<domain domain_ref="w"/>
			</grid>
			<grid id="w_3D">
				<domain domain_ref="w"/>
				<axis axis_ref="s_w"/>
			</grid>
			<grid id="b_2D">
				<domain domain_ref="b"/>
			</grid>
			<grid id="b_3D">
				<domain domain_ref="b"/>
				<axis axis_ref="s_b"/>
			</grid>
            <grid id="psi_2D">
                <domain domain_ref="psi"/>
            </grid>
			<grid id="rho_vertical_dimension">
				<axis axis_ref="s_rho"/>
			</grid>
			<grid id="w_vertical_dimension">
				<axis axis_ref="s_w"/>
			</grid>
		</grid_definition>

	</context>



	<context id="xios">
		<variable_definition>
			<variable_group id="buffer">
				<variable id="optimal_buffer_size" type="string">performance</variable>
				<variable id="buffer_size_factor" type="double">1.0</variable>
			</variable_group>

			<variable_group id="parameters" >
				<variable id="using_server" type="bool">true</variable>
				<variable id="info_level" type="int">0</variable>
				<variable id="print_file" type="bool">false</variable>
			</variable_group>
		</variable_definition>
	</context>

</simulation>
